Workbook
Name Slicer_Order_Year: #N/A
Name Slicer_Region: #N/A
Name Slicer_Segment: #N/A
Name Slicer_Ship_Mode: #N/A
Name Timeline_Order_Date: #N/A

Sheet Dashboard
B2: Superstore Sales Dashboard
B5: FILTERS
B14: =UPPER('Pivot table'!B3) -> TOTAL NUMBER OF CUSTOMERS | F14: =UPPER('Pivot table'!C3) -> TOTAL NUMBER OF ORDER | J14: =UPPER('Pivot table'!D3) -> NUMBER OF PRODUCTS | N14: =UPPER('Pivot table'!E3) -> AVG SALES PER ORDER | R14: =UPPER('Pivot table'!F3) -> HIGHEST SALES | V14: =UPPER('Pivot table'!G3) -> TOTAL SALES
B15: ='Pivot table'!B4 -> 793 | F15: ='Pivot table'!C4 -> 4922 | J15: ='Pivot table'!D4 -> 1713 | N15: ='Pivot table'!E4 -> 220.01439 | R15: ='Pivot table'!F4 -> 11199.968 | V15: ='Pivot table'!G4 -> 1082910.8
B17: Unique customers | F17: Orders placed | J17: Distinct products | N17: Average per order | R17: Largest single sale | V17: Total revenue
B19: SALES TREND & CATEGORIES
B37: SEGMENTS & PRODUCT MIX
B55: REGION, STATE & SHIPPING

Sheet Product Sales
B2: Superstore Sales Dashboard
B5: FILTERS
B14: =UPPER('Pivot table'!B3) -> TOTAL NUMBER OF CUSTOMERS | F14: =UPPER('Pivot table'!C3) -> TOTAL NUMBER OF ORDER | J14: =UPPER('Pivot table'!D3) -> NUMBER OF PRODUCTS | N14: =UPPER('Pivot table'!E3) -> AVG SALES PER ORDER | R14: =UPPER('Pivot table'!F3) -> HIGHEST SALES | V14: =UPPER('Pivot table'!G3) -> TOTAL SALES
B15: ='Pivot table'!B4 -> 793 | F15: ='Pivot table'!C4 -> 4922 | J15: ='Pivot table'!D4 -> 1713 | N15: ='Pivot table'!E4 -> 220.01439 | R15: ='Pivot table'!F4 -> 11199.968 | V15: ='Pivot table'!G4 -> 1082910.8
B17: Unique customers | F17: Orders placed | J17: Distinct products | N17: Average per order | R17: Largest single sale | V17: Total revenue
B19: SALES TREND & CATEGORIES
B37: SEGMENTS & PRODUCT MIX
B55: REGION, STATE & SHIPPING

Sheet Regonal sales
B2: Superstore Sales Dashboard
B5: FILTERS
B14: =UPPER('Pivot table'!B3) -> TOTAL NUMBER OF CUSTOMERS | F14: =UPPER('Pivot table'!C3) -> TOTAL NUMBER OF ORDER | J14: =UPPER('Pivot table'!D3) -> NUMBER OF PRODUCTS | N14: =UPPER('Pivot table'!E3) -> AVG SALES PER ORDER | R14: =UPPER('Pivot table'!F3) -> HIGHEST SALES | V14: =UPPER('Pivot table'!G3) -> TOTAL SALES
B15: ='Pivot table'!B4 -> 793 | F15: ='Pivot table'!C4 -> 4922 | J15: ='Pivot table'!D4 -> 1713 | N15: ='Pivot table'!E4 -> 220.01439 | R15: ='Pivot table'!F4 -> 11199.968 | V15: ='Pivot table'!G4 -> 1082910.8
B17: Unique customers | F17: Orders placed | J17: Distinct products | N17: Average per order | R17: Largest single sale | V17: Total revenue
B19: SALES TREND & CATEGORIES
B37: SEGMENTS & PRODUCT MIX
B55: REGION, STATE & SHIPPING

Sheet Pivot table
B3: Total number of customers | C3: Total number of Order | D3: Number of Products | E3: Avg Sales per Order | F3: Highest sales | G3: Total sales
B4: 793 | C4: 4922 | D4: 1713 | E4: 220.01439 | F4: 11199.968 | G4: 1082910.8
B6: Total number of Order | C6: Category | D6: Total sales | F6: Sub-Category | G6: Total sales | I6: region | J6: Total sales | L6: region | M6: Total number of Order | O6: region | P6: Avg Sales per Order | R6: Month | S6: Total sales
A7: 2015 | B7: 947 | C7: Furniture | D7: 364766.86 | F7: Chairs | G7: 162876.83 | I7: Central | J7: 242473.3 | L7: Central | M7: 1156 | O7: Central | P7: 209.75199 | R7: April | S7: 69493.754
A8: 2016 | B8: 1019 | C8: Office Supplies | D8: 339939.38 | F8: Phones | G8: 161994.94 | I8: East | J8: 325375.08 | L8: East | M8: 1369 | O8: East | P8: 237.67354 | R8: August | S8: 80173.943
A9: 2017 | B9: 1295 | C9: Technology | D9: 378204.58 | F9: Storage | G9: 103685.39 | I9: South | J9: 189251.11 | L9: South | M9: 810 | O9: South | P9: 233.64335 | R9: December | S9: 170925.25
A10: 2018 | B10: 1661 | C10: Grand Total | D10: 1082910.8 | F10: Binders | G10: 103016.13 | I10: West | J10: 325811.33 | L10: West | M10: 1587 | O10: West | P10: 205.30014 | R10: February | S10: 36319.163
A11: Grand Total | B11: 4922 | F11: Tables | G11: 100529.33 | I11: Grand Total | J11: 1082910.8 | L11: Grand Total | M11: 4922 | O11: Grand Total | P11: 220.01439 | R11: January | S11: 50802.799
F12: Machines | G12: 75844.422 | R12: July | S12: 59459.333
A13: Products | B13: Total sales | C13: Category | D13: Count of Product_Name | F13: Accessories | G13: 70236.19 | R13: June | S13: 81427.929
A14: 3D Systems Cube Printer, 2nd Generation, Magenta | B14: 9099.93 | C14: Office Supplies | D14: 2990 | F14: Copiers | G14: 70129.03 | R14: March | S14: 69342.441
A15: Canon imageCLASS 2200 Advanced Copier | B15: 30099.914 | C15: Furniture | D15: 1079 | F15: Bookcases | G15: 54547.459 | I15: State | J15: Total sales | L15: City | M15: Total sales | O15: Ship_Mode | P15: Total number of Order | R15: May | S15: 85172.568
A16: Fellowes PB500 Electric Punch Plastic Comb Binding Machine with Manual Bind | B16: 8642.732 | C16: Technology | D16: 853 | F16: Appliances | G16: 52438.486 | I16: California | J16: 210349.03 | L16: New York City | M16: 116870.04 | O16: First Class | P16: 772 | R16: November | S16: 172808.1
A17: GBC DocuBind P400 Electric Binding System | B17: 9254.732 | C17: Grand Total | D17: 4922 | F17: Furnishings | G17: 46813.238 | I17: New York | J17: 145909.31 | L17: Los Angeles | M17: 87068.962 | O17: Same Day | P17: 261 | R17: October | S17: 87607.625
A18: GBC Ibimaster 500 Manual ProClick Binding System | B18: 16437.168 | F18: Paper | G18: 37255.658 | I18: Texas | J18: 77193.522 | L18: Philadelphia | M18: 52856.151 | O18: Second Class | P18: 944 | R18: September | S18: 119377.92
A19: Global Troy Executive Leather Low-Back Tilter | B19: 9117.836 | F19: Art | G19: 14908.672 | I19: Pennsylvania | J19: 55239.332 | L19: Seattle | M19: 46992.724 | O19: Standard Class | P19: 2945 | R19: Grand Total | S19: 1082910.8
A20: HON 5400 Series Task Chairs for Big and Tall | B20: 15631.854 | C20: Category | D20: Total sales | F20: Supplies | G20: 12924.284 | I20: Washington | J20: 53874.696 | L20: San Francisco | M20: 46419.244 | O20: Grand Total | P20: 4922
A21: HP Designjet T520 Inkjet Large Format Printer - 24 Color | B21: 15749.91 | C21: Furniture | D21: 364766.86 | F21: Envelopes | G21: 9040.142 | I21: Illinois | J21: 47974.573 | L21: Detroit | M21: 29232.642
A22: Riverside Palais Royal Lawyers Bookcase, Royale Cherry Finish | B22: 8985.996 | C22: Office Supplies | D22: 339939.38 | F22: Labels | G22: 5069.896 | I22: Michigan | J22: 45505.816 | L22: Houston | M22: 28521.258 | O22: Ship_Mode | P22: Total sales
A23: Samsung Galaxy Mega 6.3 | B23: 9071.784 | C23: Technology | D23: 378204.58 | F23: Fasteners | G23: 1600.72 | I23: Florida | J23: 41064.186 | L23: Chicago | M23: 28443.477 | O23: First Class | P23: 167776.92
A24: Grand Total | B24: 132091.86 | C24: Grand Total | D24: 1082910.8 | E24: 1 | F24: Grand Total | G24: 1082910.8 | I24: Virginia | J24: 38420.15 | L24: San Diego | M24: 25505.591 | O24: Same Day | P24: 62667.212
I25: Ohio | J25: 37225.09 | L25: Newark | M25: 21207.75 | O25: Second Class | P25: 217739.05
I26: Grand Total | J26: 752755.7 | L26: Grand Total | M26: 483117.84 | O26: Standard Class | P26: 634727.63
A27: Segment | B27: Total sales | D27: Segment | E27: Total number of customers | G27: Segment | H27: Avg Sales per Order | O27: Grand Total | P27: 1082910.8
A28: Consumer | B28: 552594.51 | D28: Consumer | E28: 409 | G28: Consumer | H28: 217.81416
A29: Corporate | B29: 333366.29 | D29: Corporate | E29: 236 | G29: Corporate | H29: 223.58571 | K29: Ship_Mode | L29: Avg Sales per Order
A30: Home Office | B30: 196950.02 | D30: Home Office | E30: 148 | G30: Home Office | H30: 220.30203 | K30: First Class | L30: 217.32761
A31: Grand Total | B31: 1082910.8 | D31: Grand Total | E31: 793 | G31: Grand Total | H31: 220.01439 | K31: Same Day | L31: 240.10426
K32: Second Class | L32: 230.65578
K33: Standard Class | L33: 215.52721
C34: Furniture | D34: 364766.86 | E34: =D34/$D$24*$E$24 -> 0.33683924 | K34: Grand Total | L34: 220.01439
C35: Office Supplies | D35: 339939.38 | E35: =D35/$D$24*$E$24 -> 0.31391263
C36: Technology | D36: 378204.58 | E36: =D36/$D$24*$E$24 -> 0.34924813

Sheet insight
A1: Pivot Table | B1: Source Range | C1: Insight
A2: PivotTable1 - Overall KPIs | B2: Pivot table!B3:G4 | C2: The business has 793 customers, 4,922 orders, 1,713 products and $1.08M in sales. Average order value is $220.01, leaving room to grow basket size.
A3: PivotTable2 - Orders by Year | B3: Pivot table!A6:B11 | C3: Orders rose from 947 in 2015 to 1,661 in 2018, a 75% increase. Demand is trending upward and 2018 is the strongest year.
A4: PivotTable3 - Sales by Category | B4: Pivot table!C6:D10 | C4: Technology leads sales at $378.2K, followed by Furniture at $364.8K and Office Supplies at $339.9K. The category mix is balanced.
A5: PivotTable4 - Sales by Sub-Category | B5: Pivot table!F6:G24 | C5: Chairs and Phones are the top sub-categories at about $162.9K and $162.0K. Fasteners, Labels and Supplies are the weakest contributors.
A6: PivotTable5 - Product Sales | B6: Pivot table!A13:B24 | C6: Canon imageCLASS 2200 is the top listed product at $30.1K. A small group of products appears to drive disproportionate sales.
A7: PivotTable6 - Product Count by Category | B7: Pivot table!C13:D17 | C7: Office Supplies represent 2,990 of 4,922 orders, about 61% of volume, but do not lead sales. This points to an upsell opportunity.
A8: PivotTable7 - Sales by Category Repeat | B8: Pivot table!C20:D24 | C8: The repeat category view confirms Technology as the largest sales contributor, while the narrow spread supports diversified merchandising.
A9: PivotTable8 - Customers by Segment | B9: Pivot table!D27:E31 | C9: Consumer has the largest customer base with 409 customers, followed by Corporate at 236 and Home Office at 148.
A10: PivotTable9 - Sales by Segment | B10: Pivot table!A27:B31 | C10: Consumer generates $552.6K, about 51% of total sales. Corporate expansion is the clearest secondary growth path.
A11: PivotTable10 - Avg Order Value by Segment | B11: Pivot table!G27:H31 | C11: Corporate has the highest average order value at $223.59. Corporate accounts are the best target for larger-basket selling.
A12: PivotTable11 - Sales by Region | B12: Pivot table!I6:J11 | C12: West and East are the largest regions at about $325.8K and $325.4K. South trails at $189.3K and needs focused demand generation.
... A20: PivotTable25 - Sales by Month | B20: Pivot table!R6:S19 | C20: Sales peak in November and December at $172.8K and $170.9K, while February is weakest at $36.3K. The business is strongly seasonal.

Sheet Recommendations
A1: # | B1: Recommendation | C1: Why it matters | D1: Priority
A2: 1 | B2: Protect and scale the Consumer segment while expanding Corporate accounts | C2: Consumer contributes about 51% of sales, while Corporate has the highest average order value. | D2: High
A3: 2 | B3: Launch targeted upsell bundles for Office Supplies orders | C3: Office Supplies drive about 61% of order volume but do not lead sales, suggesting smaller baskets. | D3: High
A4: 3 | B4: Prioritize Chairs and Phones in merchandising, inventory and campaigns | C4: These are the strongest sub-categories at roughly $163K each. | D4: High
A5: 4 | B5: Review or rationalize weak sub-categories such as Fasteners, Labels and Supplies | C5: These lines contribute the least sales and may consume inventory and marketing resources inefficiently. | D5: Medium
A6: 5 | B6: Build a South-region recovery plan focused on acquisition and repeat purchase | C6: South has the fewest orders and the lowest regional sales. | D6: High
A7: 6 | B7: Use West-region bundling and cross-sell offers to raise basket size | C7: West has high order volume but the lowest average order value by region. | D7: High
A8: 7 | B8: Concentrate localized marketing in New York City, Los Angeles, California and New York | C8: These markets lead city and state sales and offer the strongest near-term scale potential. | D8: Medium
A9: 8 | B9: Optimize fulfillment around Standard Class while preserving premium shipping as an upsell | C9: Standard Class carries about 60% of orders and 59% of sales, while Same Day has the highest basket size. | D9: High
A10: 9 | B10: Build a peak-season operating plan for November and December | C10: These two months generate the highest sales, while February is the weakest month. | D10: High
A11: 10 | B11: Create a post-holiday demand program for January and February | C11: The seasonal trough creates a need for promotions, replenishment campaigns and retention outreach. | D11: Medium
A12: 11 | B12: Use top-performing products such as Canon imageCLASS 2200 as anchor products | C12: A small number of products appear to drive disproportionate sales and can attract traffic to related items. | D12: Medium
A13: 12 | B13: Track category and segment performance with monthly management targets | C13: The business is growing, but performance varies by category, geography, shipping mode and season. | D13: Medium
